region,bin_left,bin_right,bin_center,count,volume_fraction,conditional_mean_normalized,reliable_count,value_p025,value_p975,value_lower,value_upper,value_coverage,value_p25,value_p75
lower_tail,1.0504104810331194e-06,1.842811636390996e-06,1.3912974726617223e-06,1,9.313225746154785e-10,0.00048444957956217025,False,0.00048444957956217025,0.00048444957956217025,0.0004842446793608576,0.0004844156463790912,0.5,0.0004842446793608576,0.0004844156463790912
lower_tail,1.842811636390996e-06,3.2329787150238704e-06,2.4408545217301253e-06,3,2.7939677238464355e-09,-1.115924411171197e-05,False,-0.00040411677637628313,0.00043086244318708285,-0.00042166684981115733,0.0004570070558478789,0.5,-0.00042166684981115733,0.0004570070558478789
lower_tail,3.2329787150238704e-06,5.67185010415233e-06,4.282168920247122e-06,14,1.30385160446167e-08,-4.326283931300228e-05,False,-0.002447647265839223,0.0017929099302990267,-0.00034100186715616497,0.0007242837576374366,0.5,-0.00034100186715616497,0.0007242837576374366
lower_tail,5.67185010415233e-06,9.950539870391735e-06,7.512520921784729e-06,23,2.1420419216156006e-08,-0.0006421668058516998,False,-0.010651957313187894,0.0021001542899740273,-0.0005002290160748976,0.0008107548492345869,0.5,-0.0005002290160748976,0.0008107548492345869
lower_tail,9.950539870391735e-06,1.7456957058820775e-05,1.3179762791094253e-05,60,5.587935447692871e-08,-0.0002602442834518337,False,-0.006234140319190406,0.0037049927258449504,-0.0011751391850693823,0.001163581424808883,0.5,-0.0011751391850693823,0.001163581424808883
lower_tail,1.7456957058820775e-05,3.062601162579083e-05,2.3122218099360112e-05,111,1.0337680578231812e-07,-0.0009461900162317154,True,-0.014017259884623828,0.007012607393968574,-0.0021969577711125256,0.0010387460256641647,0.5,-0.0021969577711125256,0.0010387460256641647
lower_tail,3.062601162579083e-05,5.372944350740326e-05,4.056499182182839e-05,313,2.915039658546448e-07,-2.6553506759921472e-05,True,-0.011056740300985956,0.009346610086512417,-0.00213804703959806,0.00201493984637238,0.5,-0.00213804703959806,0.00201493984637238
lower_tail,5.372944350740326e-05,9.426147729873372e-05,7.116612058730395e-05,650,6.05359673500061e-07,-0.00022095377569035637,True,-0.014942350601451678,0.012828956738940196,-0.002593889817109473,0.0025025980502272616,0.5,-0.002593889817109473,0.0025025980502272616
lower_tail,9.426147729873372e-05,0.00016536977721191972,0.0001248519102799714,1535,1.4295801520347595e-06,-0.00027043933947262626,True,-0.016977622072101826,0.018596424245327495,-0.0036865263427530745,0.003080970242705787,0.5,-0.0036865263427530745,0.003080970242705787
lower_tail,0.00016536977721191972,0.00029012024847065816,0.00021903680251103815,3519,3.277324140071869e-06,2.318743026393003e-06,True,-0.022667448363627767,0.024619311791241605,-0.0044822592831305855,0.004399181012763882,0.5,-0.0044822592831305855,0.004399181012763882
lower_tail,0.00029012024847065816,0.0005089790891162279,0.0003842722209590088,8150,7.59027898311615e-06,-0.0001364992111793532,True,-0.033005606726404214,0.031815887587339026,-0.006172592266927866,0.005784416368190734,0.5,-0.006172592266927866,0.005784416368190734
lower_tail,0.0005089790891162279,0.0008929390986089197,0.000674156754061126,19350,1.802109181880951e-05,3.59345858600461e-05,True,-0.04204890273837413,0.04399239990585022,-0.007814029647613067,0.007874949103552159,0.5,-0.007814029647613067,0.007874949103552159
lower_tail,0.0008929390986089197,0.0015665481173479654,0.0011827223105328622,45113,4.201475530862808e-05,2.9975317334640773e-05,True,-0.05621788782813521,0.05766502105078677,-0.01061538551915203,0.010295424265170825,0.5,-0.01061538551915203,0.010295424265170825
lower_tail,0.0015665481173479654,0.0027483094958990757,0.002074935918694896,105272,9.804219007492065e-05,-0.0003287209869759554,True,-0.07635264498623924,0.0747613130642148,-0.014043646528693549,0.013497304093592455,0.5,-0.014043646528693549,0.013497304093592455
lower_tail,0.0027483094958990757,0.004821559581607989,0.0036402112552950013,241061,0.00022450555115938187,-0.00010569860140150549,True,-0.09887662692216934,0.09817287719189143,-0.018235061535273222,0.018111702427659318,0.5,-0.018235061535273222,0.018111702427659318
lower_tail,0.004821559581607989,0.008458813257271327,0.006386287819197412,553018,0.0005150381475687027,-0.0001345092495094832,True,-0.13189883157087137,0.13102996118935228,-0.024392004433805972,0.02420885860159141,0.5,-0.024392004433805972,0.02420885860159141
lower_tail,0.008458813257271327,0.014839912379041227,0.01120393000551944,1268903,0.0011817580088973045,-0.00011524815122022001,True,-0.17556255464390216,0.17239289897893356,-0.03230238791079644,0.03231149581674022,0.5,-0.03230238791079644,0.03231149581674022
lower_tail,0.014839912379041227,0.026034739474631828,0.019655870690831842,2907399,0.0027077263221144676,7.462140840940215e-05,True,-0.23265654998607124,0.22988444683958306,-0.04279898195053315,0.0432142829088559,0.5,-0.04279898195053315,0.0432142829088559
lower_tail,0.026034739474631828,0.04567464026736688,0.034483726016172105,6648920,0.006192289292812347,-2.567795075137895e-05,True,-0.3082612325728912,0.30456861046242517,-0.05676135519554167,0.05739176150782491,0.5,-0.05676135519554167,0.05739176150782491
lower_tail,0.04567464026736688,0.08013034912779261,0.060497312923058356,15040142,0.014007223770022392,-0.0002643600998270435,True,-0.4078857171824813,0.40352234301605766,-0.07533625490990557,0.07544608417864054,0.5,-0.07533625490990557,0.07544608417864054
center,0.08013034912779261,0.12416898736052531,0.10214966824415897,23389734,0.021783387288451195,-8.411284067951036e-05,True,-0.5185117805116928,0.5137670663677232,-0.0965746474090599,0.09691643441707538,0.5,-0.0965746474090599,0.09691643441707538
center,0.12416898736052531,0.16820762559325803,0.14618830647689168,26479077,0.0246605621650815,0.00036292138896808505,True,-0.6223732686080182,0.6154188790463827,-0.11556347682485944,0.1174083430840162,0.5,-0.11556347682485944,0.1174083430840162
center,0.16820762559325803,0.2122462638259907,0.19022694470962437,28396296,0.026446111500263214,0.0002730247937399304,True,-0.7148597418472942,0.7067277271665179,-0.13262430155452973,0.13453680455989056,0.5,-0.13262430155452973,0.13453680455989056
center,0.2122462638259907,0.25628490205872345,0.23426558294235708,29562252,0.02753199264407158,-0.0004359137844956758,True,-0.8012597159759017,0.7909582826122037,-0.1496973892640678,0.15050928706063418,0.5,-0.1496973892640678,0.15050928706063418
center,0.25628490205872345,0.30032354029145614,0.2783042211750898,30329322,0.028246382251381874,-0.0010072261701738264,True,-0.8790949700719499,0.8697775586229858,-0.16531662015760487,0.16537019022782357,0.5,-0.16531662015760487,0.16537019022782357
center,0.30032354029145614,0.3443621785241888,0.3223428594078225,30744299,0.02863285969942808,-0.0012814150804312677,True,-0.9521024861759149,0.9441608214040674,-0.1796014744356543,0.17938602417215374,0.5,-0.1796014744356543,0.17938602417215374
center,0.3443621785241888,0.38840081675692156,0.36638149764055516,30925188,0.0288013257086277,-0.0017482299492174401,True,-1.021379066214364,1.0133358858528572,-0.19364524795453975,0.19228614605242542,0.5,-0.19364524795453975,0.19228614605242542
center,0.38840081675692156,0.43243945498965425,0.4104201358732879,30902828,0.0287805013358593,-0.0025038989632650823,True,-1.0873069327005545,1.079209222419035,-0.20692458408096362,0.20457877665460117,0.5,-0.20692458408096362,0.20457877665460117
center,0.43243945498965425,0.47647809322238693,0.4544587741060206,30756299,0.028644035570323467,-0.003539666799931028,True,-1.149606410809384,1.1403317394160533,-0.2205250765536747,0.2160399982831117,0.5,-0.2205250765536747,0.2160399982831117
center,0.47647809322238693,0.5205167314551197,0.49849741233875333,30517192,0.028421349823474884,-0.004268072950149379,True,-1.208018273360248,1.2001900242887533,-0.23335115503091808,0.22669887720506202,0.5,-0.23335115503091808,0.22669887720506202
center,0.5205167314551197,0.5645553696878524,0.542536050571486,30165968,0.028094246983528137,-0.004977933816532136,True,-1.2652213575744329,1.256921203801459,-0.24567662068298982,0.23728137234824456,0.5,-0.24567662068298982,0.23728137234824456
center,0.5645553696878524,0.608594007920585,0.5865746888042187,29737191,0.027694917283952236,-0.005796332510812336,True,-1.319362100688248,1.3121660605259187,-0.25791087358523995,0.24746085673080975,0.5,-0.25791087358523995,0.24746085673080975
center,0.608594007920585,0.6526326461533177,0.6306133270369514,29236950,0.027229031547904015,-0.0068772276743984595,True,-1.3720528703250616,1.3646131164148638,-0.26975765976284005,0.25732661784183236,0.5,-0.26975765976284005,0.25732661784183236
center,0.6526326461533177,0.6966712843860505,0.6746519652696841,28721094,0.026748603209853172,-0.007076158048109677,True,-1.4223779685826046,1.4164778930096034,-0.2798858354710466,0.26706676019686204,0.5,-0.2798858354710466,0.26706676019686204
center,0.6966712843860505,0.7407099226187832,0.7186906035024169,28185126,0.026249444112181664,-0.00718086265688443,True,-1.4702111723118125,1.4650067553666586,-0.2889413105499646,0.27582989903276894,0.5,-0.2889413105499646,0.27582989903276894
center,0.7407099226187832,0.7847485608515159,0.7627292417351496,27662833,0.02576302085071802,-0.00771239949552619,True,-1.5154473119823229,1.5101084611379936,-0.29796424988811643,0.28372300856986293,0.5,-0.29796424988811643,0.28372300856986293
center,0.7847485608515159,0.8287871990842486,0.8067678799678822,27086886,0.02522662840783596,-0.008304647261463662,True,-1.5591395042849348,1.5560439628906189,-0.30689224599050613,0.29144986788560584,0.5,-0.30689224599050613,0.29144986788560584
center,0.8287871990842486,0.8728258373169813,0.8508065182006149,26475067,0.024656827561557293,-0.008270951795438753,True,-1.6020013020058939,1.6007304913443878,-0.3151881496947329,0.29905837506705096,0.5,-0.3151881496947329,0.29905837506705096
center,0.8728258373169813,0.9168644755497141,0.8948451564333477,25825420,0.02405179664492607,-0.008093446259542655,True,-1.6419939452900567,1.6443953583842772,-0.3233947919428843,0.3069203282134659,0.5,-0.3233947919428843,0.3069203282134659
center,0.9168644755497141,0.9609031137824467,0.9388837946660804,25148572,0.023421432822942734,-0.008027577014081569,True,-1.6843868567178777,1.6845317651850709,-0.33117074916587885,0.3147216636476206,0.5,-0.33117074916587885,0.3147216636476206
center,0.9609031137824467,1.0049417520151795,0.9829224328988131,24413744,0.02273707091808319,-0.0072742853969784095,True,-1.723946532382891,1.726737448892252,-0.33824608891055963,0.3226535065172512,0.5,-0.33824608891055963,0.3226535065172512
center,1.0049417520151795,1.0489803902479122,1.026961071131546,23682326,0.022055884823203087,-0.006519966182088254,True,-1.761859980451711,1.7707283903998274,-0.3449396672518704,0.33006992962055776,0.5,-0.3449396672518704,0.33006992962055776
center,1.0489803902479122,1.093019028480645,1.0709997093642785,22948578,0.02137252874672413,-0.006914871341785191,True,-1.8032181555361901,1.807150900178937,-0.35198985587750703,0.33651122447593457,0.5,-0.35198985587750703,0.33651122447593457
center,1.093019028480645,1.1370576667133776,1.1150383475970114,22176965,0.020653908140957355,-0.006522553230309513,True,-1.842972821733905,1.8492947125966754,-0.35895117815326727,0.3439212753135696,0.5,-0.35895117815326727,0.3439212753135696
center,1.1370576667133776,1.1810963049461103,1.1590769858297438,21380023,0.019911698065698147,-0.0065465682827603655,True,-1.8808952902018168,1.8902727768982233,-0.3663844950537546,0.3517525612669192,0.5,-0.3663844950537546,0.3517525612669192
center,1.1810963049461103,1.225134943178843,1.2031156240624767,20609550,0.019194139167666435,-0.006239290363058629,True,-1.9199693877601156,1.9295175586156388,-0.37352980384369666,0.35877253325909236,0.5,-0.37352980384369666,0.35877253325909236
center,1.225134943178843,1.2691735814115759,1.2471542622952094,19861190,0.018497174605727196,-0.006187771936123782,True,-1.957474367584235,1.9670808323723554,-0.3802090846502807,0.3651806939169584,0.5,-0.3802090846502807,0.3651806939169584
center,1.2691735814115759,1.3132122196443086,1.2911929005279421,19073311,0.017763405106961727,-0.006054669856111135,True,-1.9951854481889504,2.0072383809683494,-0.3879439952941005,0.37278822720914984,0.5,-0.3879439952941005,0.37278822720914984
center,1.3132122196443086,1.3572508578770413,1.335231538760675,18269096,0.01701442152261734,-0.005625456598070634,True,-2.0347792357079078,2.0458438475821166,-0.39520465934245874,0.3804675733807696,0.5,-0.39520465934245874,0.3804675733807696
center,1.3572508578770413,1.401289496109774,1.3792701769934075,17486501,0.01628557313233614,-0.004734271259616616,True,-2.0746955158921256,2.0886685847021327,-0.4014544320391402,0.38768074747415426,0.5,-0.4014544320391402,0.38768074747415426
center,1.401289496109774,1.4453281343425066,1.4233088152261404,16699448,0.015552572906017303,-0.005365426715500856,True,-2.1153165165606214,2.1239801623298193,-0.40899792989597006,0.3946478198456705,0.5,-0.40899792989597006,0.3946478198456705
center,1.4453281343425066,1.4893667725752393,1.4673474534588729,15913349,0.01482046116143465,-0.004888572441864568,True,-2.156508316023813,2.1714422752945013,-0.41663472777869404,0.4020173803443771,0.5,-0.41663472777869404,0.4020173803443771
center,1.4893667725752393,1.533405410807972,1.5113860916916058,15143921,0.014103875495493412,-0.004780958546786865,True,-2.197823811752958,2.2107191837308617,-0.4243476960484264,0.4096496870599466,0.5,-0.4243476960484264,0.4096496870599466
center,1.533405410807972,1.5774440490407047,1.5554247299243382,14371928,0.013384900987148285,-0.00467575461370125,True,-2.2375468192723713,2.2537353563084626,-0.4317011317080648,0.4180643224779972,0.5,-0.4317011317080648,0.4180643224779972
center,1.5774440490407047,1.6214826872734374,1.5994633681570711,13610956,0.012676190584897995,-0.00437964864652582,True,-2.281870084890042,2.299569349763606,-0.43968729459509054,0.42638963005264874,0.5,-0.43968729459509054,0.42638963005264874
center,1.6214826872734374,1.66552132550617,1.6435020063898036,12856870,0.011973893269896507,-0.004814441100606016,True,-2.3296455463857106,2.3458009905516795,-0.4488156681561448,0.4355816290138886,0.5,-0.4488156681561448,0.4355816290138886
center,1.66552132550617,1.7095599637389027,1.6875406446225365,12145988,0.011311832815408707,-0.003922384595005691,True,-2.372456303810706,2.3991671138193773,-0.4572892430428087,0.4448126340329841,0.5,-0.4572892430428087,0.4448126340329841
center,1.7095599637389027,1.7535986019716356,1.7315792828552692,11465807,0.010678364895284176,-0.004358133166728699,True,-2.4212192783081288,2.442942855873506,-0.465741897523979,0.45309196373355143,0.5,-0.465741897523979,0.45309196373355143
center,1.7535986019716356,1.7976372402043683,1.7756179210880019,10811637,0.010069121606647968,-0.004199890168408794,True,-2.4674622227251892,2.486775331387027,-0.4747367138882795,0.4624434511642731,0.5,-0.4747367138882795,0.4624434511642731
center,1.7976372402043683,1.841675878437101,1.8196565593207348,10173470,0.009474782273173332,-0.0031569787734793903,True,-2.5095219086582357,2.5377276952904237,-0.48425710525796917,0.4728652114536567,0.5,-0.48425710525796917,0.4728652114536567
center,1.841675878437101,1.8857145166698337,1.8636951975534672,9573449,0.008915969170629978,-0.0017967449935989237,True,-2.554850568907618,2.5913038163696114,-0.49291541229018776,0.48350094887011846,0.5,-0.49291541229018776,0.48350094887011846
center,1.8857145166698337,1.9297531549025664,1.9077338357862001,8997554,0.008379625156521797,-0.0011210639155523805,True,-2.6021960830204236,2.6390285943669594,-0.5016099718990269,0.49378116033512776,0.5,-0.5016099718990269,0.49378116033512776
center,1.9297531549025664,1.973791793135299,1.9517724740189326,8443329,0.007863462902605534,0.0002618116856257896,True,-2.6532736562601227,2.689201466356183,-0.5094374303089926,0.5049924524309598,0.5,-0.5094374303089926,0.5049924524309598
center,1.973791793135299,2.0178304313680315,1.9958111122516653,7897625,0.0073552364483475685,0.002278363872910022,True,-2.7043742189312603,2.7503322221144395,-0.5171817080678159,0.5178935338850154,0.5,-0.5171817080678159,0.5178935338850154
center,2.0178304313680315,2.0618690696007644,2.039849750484398,7370190,0.006864024326205254,0.003416110069589412,True,-2.7568518261946537,2.8047558943417212,-0.5268782664278006,0.5301819632092145,0.5,-0.5268782664278006,0.5301819632092145
center,2.0618690696007644,2.105907707833497,2.0838883887171304,6874404,0.006402287632226944,0.005411469960302476,True,-2.816332000818361,2.8589694029160913,-0.5366667106961905,0.5438079075937523,0.5,-0.5366667106961905,0.5438079075937523
center,2.105907707833497,2.14994634606623,2.1279270269498634,6398956,0.005959492176771164,0.00798434716256951,True,-2.8679534410048317,2.9198598319905686,-0.5457436648259052,0.5576143593845247,0.5,-0.5457436648259052,0.5576143593845247
center,2.14994634606623,2.1939849842989623,2.1719656651825963,5952306,0.0055435169488191605,0.01095271911984456,True,-2.9222685819980896,2.9813465024994685,-0.5541454764393297,0.5717657426217435,0.5,-0.5541454764393297,0.5717657426217435
center,2.1939849842989623,2.238023622531695,2.2160043034153287,5531418,0.005151534453034401,0.013506188641477398,True,-2.9832581422692472,3.0420527596896276,-0.5632335565318674,0.5871801256401336,0.5,-0.5632335565318674,0.5871801256401336
center,2.238023622531695,2.2820622607644276,2.260042941648061,5137536,0.004784703254699707,0.014692109025445555,True,-3.044225327944823,3.109741211745639,-0.573706854298061,0.6016309233020799,0.5,-0.573706854298061,0.6016309233020799
center,2.2820622607644276,2.3261008989971605,2.304081579880794,4771267,0.00444358866661787,0.016744995754000593,True,-3.1020298661259518,3.1663112201167416,-0.5844858113217125,0.616901367480499,0.5,-0.5844858113217125,0.616901367480499
center,2.3261008989971605,2.370139537229893,2.348120218113527,4424841,0.004120954312384129,0.02212547543504097,True,-3.155826073907034,3.244500876085411,-0.5942802058609106,0.633528482130461,0.5,-0.5942802058609106,0.633528482130461
center,2.370139537229893,2.414178175462626,2.3921588563462595,4101574,0.0038198884576559067,0.024007133504468058,True,-3.2161728993457595,3.3011884195558876,-0.6039620598059985,0.6487379667528295,0.5,-0.6039620598059985,0.6487379667528295
center,2.414178175462626,2.458216813695359,2.4361974945789924,3799527,0.0035385852679610252,0.029097773075927005,True,-3.2701727481884335,3.3750665077840556,-0.6111357524809917,0.6669781986175328,0.5,-0.6111357524809917,0.6669781986175328
center,2.458216813695359,2.5022554519280913,2.480236132811725,3512671,0.0032714297994971275,0.03128069092938945,True,-3.3453232536042767,3.442416483269969,-0.6234472103248988,0.6847002939293101,0.5,-0.6234472103248988,0.6847002939293101
center,2.5022554519280913,2.546294090160824,2.5242747710444577,3244296,0.0030214861035346985,0.038610657190023955,True,-3.415470528039954,3.5293351827648456,-0.632816346569398,0.7039531456410405,0.5,-0.632816346569398,0.7039531456410405
center,2.546294090160824,2.5903327283935567,2.5683134092771907,2997969,0.0027920762076973915,0.04337730145444507,True,-3.478762621347269,3.6020058274563405,-0.641318939762832,0.7235129536836299,0.5,-0.641318939762832,0.7235129536836299
center,2.5903327283935567,2.6343713666262896,2.612352047509923,2770639,0.0025803586468100548,0.04657636467507213,True,-3.5436272226414163,3.6654464129272952,-0.6496440524726803,0.7405635762146434,0.5,-0.6496440524726803,0.7405635762146434
center,2.6343713666262896,2.678410004859022,2.6563906857426556,2555988,0.0023804493248462677,0.05392049867476102,True,-3.6124681935058134,3.7630056534882774,-0.6556316314169576,0.7591659323212341,0.5,-0.6556316314169576,0.7591659323212341
center,2.678410004859022,2.722448643091755,2.7004293239753885,2356926,0.0021950583904981613,0.05687949119376718,True,-3.6930925536835972,3.8374725194646486,-0.665484174667528,0.7784890995614611,0.5,-0.665484174667528,0.7784890995614611
upper_tail,2.722448643091755,2.884415907722358,2.8022623314192066,7148015,0.00665710773319006,0.06812452392046066,True,-3.8707471708087864,4.036052662205939,-0.6858309384185955,0.8217893993387384,0.5,-0.6858309384185955,0.8217893993387384
upper_tail,2.884415907722358,3.056019128160057,2.9689779702060237,5459617,0.005084664560854435,0.08101676245655497,True,-4.205707826029314,4.38752739704958,-0.7410866402443754,0.9059591033245734,0.5,-0.7410866402443754,0.9059591033245734
upper_tail,3.056019128160057,3.2378315785447094,3.145612060918082,4076847,0.0037968596443533897,0.09984571392462513,True,-4.576259419120594,4.80866689474221,-0.8076577003064151,1.0081422700547056,0.5,-0.8076577003064151,1.0081422700547056
upper_tail,3.2378315785447094,3.430460638946713,3.3327546843019107,2998798,0.0027928482741117477,0.11687227196465531,True,-5.001615981197684,5.238948595123296,-0.8789396809364457,1.1190039920003434,0.5,-0.8789396809364457,1.1190039920003434
upper_tail,3.430460638946713,3.6345498244389893,3.531031026913901,2198605,0.002047610469162464,0.13223081637011744,True,-5.429595659139154,5.671465364151182,-0.9579831720880676,1.2355287234126624,0.5,-0.9579831720880676,1.2355287234126624
upper_tail,3.6345498244389893,3.8507809348850204,3.741103469678346,1590016,0.0014808177947998047,0.15313921079488127,True,-5.8387262165372125,6.123534968150113,-1.0415973365344307,1.361745293007412,0.5,-1.0415973365344307,1.361745293007412
upper_tail,3.8507809348850204,4.079876332624717,3.9636738007005414,1142344,0.0010638907551765442,0.15501442596170925,True,-6.224345712954077,6.55101874174716,-1.1343328374937476,1.4572196938136235,0.5,-1.1343328374937476,1.4572196938136235
upper_tail,4.079876332624717,4.322601355667177,4.19948555972729,811961,0.0007561976090073586,0.14806369707514533,True,-6.582688310675362,6.928342707851877,-1.2057254449377242,1.5319168338955,0.5,-1.2057254449377242,1.5319168338955
upper_tail,4.322601355667177,4.579766874452082,4.449326522086932,559467,0.0005210442468523979,0.17711904974748788,True,-7.026820162175279,7.421671871357132,-1.2415930255891607,1.6195691483945558,0.5,-1.2415930255891607,1.6195691483945558
upper_tail,4.579766874452082,4.852232000721076,4.7140313304069945,367747,0.0003424910828471184,0.21965271921117197,True,-7.499940545075175,8.049282119762553,-1.3150311737753566,1.7610203574679901,0.5,-1.3150311737753566,1.7610203574679901
upper_tail,4.852232000721076,5.140906957548677,4.994484282901221,227142,0.00021154247224330902,0.2782065838597461,True,-8.24601659880255,8.881699862351446,-1.3939513023631636,1.948201443821336,0.5,-1.3939513023631636,1.948201443821336
upper_tail,5.140906957548677,5.446756120120567,5.291622287540813,132756,0.00012363865971565247,0.3440571053462951,True,-9.30205671617953,9.924439926047656,-1.4965693264296291,2.225810117874655,0.5,-1.4965693264296291,2.225810117874655
upper_tail,5.446756120120567,5.770801237417642,5.606437991978853,69582,6.480328738689423e-05,0.49929785446487224,True,-10.31639354647131,11.435785756877118,-1.7109535261006195,2.6533225170110133,0.5,-1.7109535261006195,2.6533225170110133
upper_tail,5.770801237417642,6.114124845568413,5.939983099684051,34053,3.171432763338089e-05,0.7216481663155688,True,-11.419448391011882,13.266298079904896,-1.9231478753501825,3.3670402315704675,0.5,-1.9231478753501825,3.3670402315704675
upper_tail,6.114124845568413,6.477873884272812,6.293371883361984,16310,1.5189871191978455e-05,0.9353588880594959,True,-13.070603177820344,14.450153268778115,-2.160323916902219,4.169529030846761,0.5,-2.160323916902219,4.169529030846761
upper_tail,6.477873884272812,6.863263528378699,6.667784907401141,6536,6.087124347686768e-06,1.280671541189506,True,-14.799640969467884,15.507746691283167,-2.49520056232953,5.148568231007728,0.5,-2.49520056232953,5.148568231007728
upper_tail,6.863263528378699,7.2715812474112465,7.0644729717792885,2599,2.4205073714256287e-06,1.4235132282986374,True,-14.331031260458506,16.147094754442744,-2.4623884074468725,5.084452331408924,0.5,-2.4623884074468725,5.084452331408924
upper_tail,7.2715812474112465,7.7041911066168405,7.484761290605568,872,8.121132850646973e-07,1.9623830797292257,True,-13.215118431843692,15.866562096089671,-2.338284848650986,5.933554238922116,0.5,-2.338284848650986,5.933554238922116
upper_tail,7.7041911066168405,8.162538323889983,7.93005391925757,233,2.169981598854065e-07,2.2525350412133043,True,-13.738107084054421,14.85800552808915,-2.732633644529506,6.698461454578463,0.5,-2.732633644529506,6.698461454578463
upper_tail,8.162538323889983,8.648154097806485,8.401838444903094,50,4.6566128730773926e-08,4.3028927562751225,False,-9.820985763251967,26.897270106791357,-0.9283234858891667,9.332644631400974,0.5,-0.9283234858891667,9.332644631400974
