filter,sigma_grid,equivalent_r_over_eta,cutoff_wavenumber,cutoff_modes,stored_mean_pi,forward_mean_pi,epsilon_reference,forward_mean_pi_over_epsilon,note,source_path
Gaussian,100.0,740.6084076522557,1.9188800013238023,1.9188800013238023,-0.05175859968274141,0.05175859968274141,0.0928,0.5577435310640239,computed result,C:\Xingqun_Gao\persistent\results\t000001_sigma_100
Gaussian,40.0,296.24336306090225,4.797200003309507,4.797200003309507,-0.08263811615080141,0.08263811615080141,0.0928,0.8904969412801876,computed result,C:\Xingqun_Gao\persistent\results\t000001_sigma_40
Gaussian,20.0,148.12168153045113,9.594400006619013,9.594400006619013,-0.08913336915386932,0.08913336915386932,0.0928,0.9604888917442815,computed result,C:\Xingqun_Gao\persistent\results\t000001_sigma_20
Gaussian,10.0,74.06084076522556,19.188800013238026,19.188800013238026,-0.08825751439225628,0.08825751439225628,0.0928,0.9510508016406927,computed result,C:\Xingqun_Gao\persistent\results\t000001_sigma_10
Gaussian,5.0,37.03042038261278,38.37760002647605,38.37760002647605,-0.08215625519055152,0.08215625519055152,0.0928,0.8853044740361156,computed result,C:\Xingqun_Gao\persistent\results\t000001_sigma_5
Gaussian,2.0,14.812168153045112,95.94400006619013,95.94400006619013,-0.05961310575795558,0.05961310575795558,0.0928,0.6423826051503835,computed result,C:\Xingqun_Gao\persistent\results\t000001_sigma_2
Paper reference,nan,1600.0,0.8882116639101122,0.8882116639101122,nan,nan,0.0928,0.45,paper data,paper_reference
Paper reference,nan,1300.0,1.0931835863509074,1.0931835863509074,nan,nan,0.0928,0.75,paper data,paper_reference
Paper reference,nan,700.0,2.030198088937399,2.030198088937399,nan,nan,0.0928,1.15,paper data,paper_reference
Paper reference,nan,400.0,3.5528466556404488,3.5528466556404488,nan,nan,0.0928,1.3,paper data,paper_reference
Paper reference,nan,250.0,5.684554649024719,5.684554649024719,nan,nan,0.0928,1.38,paper data,paper_reference
Paper reference,nan,180.0,7.895214790312108,7.895214790312108,nan,nan,0.0928,1.4,paper data,paper_reference
Paper reference,nan,120.0,11.842822185468163,11.842822185468163,nan,nan,0.0928,1.4,paper data,paper_reference
Paper reference,nan,80.0,17.764233278202244,17.764233278202244,nan,nan,0.0928,1.35,paper data,paper_reference
Paper reference,nan,40.0,35.52846655640449,35.52846655640449,nan,nan,0.0928,1.25,paper data,paper_reference
Paper reference,nan,25.0,56.84554649024718,56.84554649024718,nan,nan,0.0928,0.95,paper data,paper_reference
Paper reference,nan,17.0,83.59639189742234,83.59639189742234,nan,nan,0.0928,0.72,paper data,paper_reference
Paper reference,nan,13.0,109.31835863509075,109.31835863509075,nan,nan,0.0928,0.55,paper data,paper_reference
Paper reference,nan,8.0,177.64233278202244,177.64233278202244,nan,nan,0.0928,0.2,paper data,paper_reference
Paper reference,nan,4.0,355.2846655640449,355.2846655640449,nan,nan,0.0928,0.012,paper data,paper_reference
smooth-sharp: α=0.117188,55.0,152.66137973455054,9.309090909090909,9.309090909090909,-0.09192399277249715,0.09192399277249715,0.0928,0.9905602669450124,computed result,C:\Xingqun_Gao\persistent\results\t000001_filter_smooth_sharp_a0p1171875kc_sigma_55
smooth-sharp: α=0.117188,30.0,83.26984349157303,17.066666666666666,17.066666666666666,-0.08842126284609503,0.08842126284609503,0.0928,0.9528153323932654,computed result,C:\Xingqun_Gao\persistent\results\t000001_filter_smooth_sharp_a0p1171875kc_sigma_30
smooth-sharp: α=0.117188,15.0,41.634921745786514,34.13333333333333,34.13333333333333,-0.08168576383672087,0.08168576383672087,0.0928,0.8802345241025956,computed result,C:\Xingqun_Gao\persistent\results\t000001_filter_smooth_sharp_a0p1171875kc_sigma_15
smooth-sharp: α=0.117188,10.0,27.756614497191006,51.2,51.2,-0.07298069178715223,0.07298069178715223,0.0928,0.786429868396037,computed result,C:\Xingqun_Gao\persistent\results\t000001_filter_smooth_sharp_a0p1171875kc_sigma_10
