bin_left,bin_right,bin_center,u2_bin_left,u2_bin_right,u2_bin_center,count,probability,valid,conditional_q,conditional_q_normalized,frame,time
0.0,0.06493596235911052,0.03246798117955526,0.0,0.1022739967335582,0.0511369983667791,425211,0.033792734146118164,True,-0.016785966232419014,-0.005419497081280011,1,0.0
0.06493596235911052,0.12987192471822104,0.09740394353866577,0.1022739967335582,0.2045479934671164,0.1534109951003373,637469,0.05066148440043131,True,-0.041956380009651184,-0.013545986918776952,1,0.0
0.12987192471822104,0.19480788707733154,0.1623399058977763,0.2045479934671164,0.3068219902006746,0.25568499183389554,597768,0.04750633239746094,True,-0.06360521167516708,-0.02053550294662362,1,0.0
0.19480788707733154,0.2597438494364421,0.2272758682568868,0.3068219902006746,0.4090959869342328,0.3579589885674537,561236,0.04460302988688151,True,-0.08056646585464478,-0.02601159328588561,1,0.0
0.2597438494364421,0.3246798117955526,0.2922118306159973,0.4090959869342328,0.5113699836677911,0.46023298530101187,536885,0.042667786280314125,True,-0.08050227165222168,-0.025990867622087053,1,0.0
0.3246798117955526,0.3896157741546631,0.35714779297510785,0.5113699836677911,0.6136439804013492,0.5625069820345701,484711,0.038521369298299156,True,-0.06714259088039398,-0.021677576987085043,1,0.0
0.3896157741546631,0.4545517365137736,0.4220837553342184,0.6136439804013492,0.7159179771349073,0.6647809787681284,432214,0.034349282582600914,True,-0.0423232764005661,-0.013664442650914392,1,0.0
0.4545517365137736,0.5194876988728842,0.48701971769332886,0.7159179771349073,0.8181919738684656,0.7670549755016864,392176,0.031167348225911457,True,-0.034277208149433136,-0.011066698630759117,1,0.0
0.5194876988728842,0.5844236612319946,0.5519556800524394,0.8181919738684656,0.9204659706020237,0.8693289722352447,372699,0.029619455337524414,True,-0.012897257693111897,-0.00416399327012487,1,0.0
0.5844236612319946,0.6493596235911052,0.6168916424115499,0.9204659706020237,1.0227399673355821,0.9716029689688029,353520,0.028095245361328125,True,0.0015686389524489641,0.0005064489053934066,1,0.0
0.6493596235911052,0.7142955859502157,0.6818276047706604,1.0227399673355821,1.1250139640691401,1.073876965702361,342295,0.027203162511189777,True,0.0011059952666983008,0.0003570803155915301,1,0.0
0.7142955859502157,0.7792315483093262,0.746763567129771,1.1250139640691401,1.2272879608026983,1.1761509624359194,336459,0.02673935890197754,True,0.010758006013929844,0.003473317018849,1,0.0
0.7792315483093262,0.8441675106684368,0.8116995294888815,1.2272879608026983,1.3295619575362567,1.2784249591694774,340657,0.027072985967000324,True,0.00238094967789948,0.0007687105795036079,1,0.0
0.8441675106684368,0.9091034730275472,0.8766354918479919,1.3295619575362567,1.4318359542698147,1.3806989559030356,343972,0.02733643849690755,True,0.04099022224545479,0.013234054372826404,1,0.0
0.9091034730275472,0.9740394353866578,0.9415714542071025,1.4318359542698147,1.534109951003373,1.482972952636594,347905,0.0276490052541097,True,0.07158666104078293,0.023112384190302006,1,0.0
0.9740394353866578,1.0389753977457683,1.0065074165662131,1.534109951003373,1.6363839477369313,1.5852469493701522,356166,0.028305530548095703,True,0.08167114108800888,0.026368247417085797,1,0.0
1.0389753977457683,1.103911360104879,1.0714433789253235,1.6363839477369313,1.7386579444704895,1.6875209461037102,368533,0.029288371404012043,True,0.08596374094486237,0.02775415109836396,1,0.0
1.103911360104879,1.1688473224639893,1.136379341284434,1.7386579444704895,1.8409319412040475,1.7897949428372686,378238,0.030059655507405598,True,0.07750880718231201,0.02502440124577212,1,0.0
1.1688473224639893,1.2337832848230998,1.2013153036435447,1.8409319412040475,1.9432059379376059,1.8920689395708268,388357,0.030863841374715168,True,0.07347803562879562,0.023723031138914677,1,0.0
1.2337832848230998,1.2987192471822104,1.266251266002655,1.9432059379376059,2.0454799346711643,1.9943429363043848,393779,0.03129474322001139,True,0.07192913442850113,0.023222954740692504,1,0.0
1.2987192471822104,1.3636552095413208,1.3311872283617656,2.0454799346711643,2.147753931404722,2.096616933037943,390726,0.031052112579345703,True,0.08224598318338394,0.026553840251894754,1,0.0
1.3636552095413208,1.4285911719004314,1.3961231907208762,2.147753931404722,2.2500279281382802,2.1988909297715016,382358,0.030387083689371746,True,0.0756424143910408,0.024421819890325252,1,0.0
1.4285911719004314,1.493527134259542,1.4610591530799866,2.2500279281382802,2.352301924871839,2.3011649265050593,367879,0.029236396153767902,True,0.08548566699028015,0.02759980071033027,1,0.0
1.493527134259542,1.5584630966186523,1.5259951154390972,2.352301924871839,2.4545759216053966,2.4034389232386175,348142,0.027667840321858723,True,0.10254315286874771,0.03310696030140542,1,0.0
1.5584630966186523,1.623399058977763,1.5909310777982077,2.4545759216053966,2.556849918338955,2.505712919972176,320738,0.025489966074625652,True,0.12795406579971313,0.04131109740946522,1,0.0
1.623399058977763,1.6883350213368735,1.6558670401573181,2.556849918338955,2.6591239150725134,2.607986916705734,289876,0.023037274678548176,True,0.13463447988033295,0.04346792794935626,1,0.0
1.6883350213368735,1.753270983695984,1.720803002516429,2.6591239150725134,2.7613979118060716,2.7102609134392925,257414,0.02045742670694987,True,0.17944814264774323,0.05793641377892933,1,0.0
1.753270983695984,1.8182069460550945,1.7857389648755393,2.7613979118060716,2.8636719085396294,2.8125349101728507,226843,0.018027861913045246,True,0.19444511830806732,0.06277831949313148,1,0.0
1.8182069460550945,1.883142908414205,1.8506749272346497,2.8636719085396294,2.965945905273188,2.9148089069064085,201700,0.01602967580159505,True,0.22926418483257294,0.07401996187401567,1,0.0
1.883142908414205,1.9480788707733157,1.9156108895937605,2.965945905273188,3.068219902006746,3.017082903639967,176737,0.014045794804890951,True,0.2583175599575043,0.08340009999122479,1,0.0
1.9480788707733157,2.0130148331324262,1.9805468519528708,3.068219902006746,3.1704938987403044,3.1193569003735253,154104,0.012247085571289062,True,0.2982787489891052,0.0963019219252506,1,0.0
2.0130148331324262,2.0779507954915366,2.045482814311981,3.1704938987403044,3.2727678954738626,3.221630897107083,134776,0.010711034138997396,True,0.34173768758773804,0.11033302312191232,1,0.0
2.0779507954915366,2.142886757850647,2.110418776671092,3.2727678954738626,3.3750418922074203,3.3239048938406417,119529,0.009499311447143555,True,0.3451957106590271,0.11144947633541014,1,0.0
2.142886757850647,2.207822720209758,2.1753547390302024,3.3750418922074203,3.477315888940979,3.4261788905742,107199,0.008519411087036133,True,0.3675677180290222,0.11867247601057336,1,0.0
2.207822720209758,2.272758682568868,2.2402907013893127,3.477315888940979,3.579589885674537,3.5284528873077576,95666,0.007602850596110026,True,0.38836008310317993,0.12538547425399157,1,0.0
2.272758682568868,2.3376946449279785,2.3052266637484236,3.579589885674537,3.681863882408095,3.6307268840413163,84713,0.006732384363810222,True,0.480029433965683,0.15498173178027486,1,0.0
2.3376946449279785,2.4026306072870893,2.370162626107534,3.681863882408095,3.7841378791416536,3.7330008807748745,74501,0.005920807520548503,True,0.515288770198822,0.16636551911533554,1,0.0
2.4026306072870893,2.4675665696461997,2.4350985884666443,3.7841378791416536,3.8864118758752118,3.835274877508432,65840,0.005232493082682292,True,0.5325983762741089,0.1719540779331144,1,0.0
2.4675665696461997,2.53250253200531,2.500034550825755,3.8864118758752118,3.9886858726087695,3.937548874241991,57892,0.004600842793782552,True,0.5679988861083984,0.1833834444090357,1,0.0
2.53250253200531,2.597438494364421,2.5649705131848655,3.9886858726087695,4.090959869342329,4.039822870975549,49721,0.003951470057169597,True,0.6073190569877625,0.19607830798528844,1,0.0
2.597438494364421,2.6623744567235312,2.629906475543976,4.090959869342329,4.193233866075886,4.142096867709107,42314,0.0033628145853678384,True,0.6374441385269165,0.20580445595998503,1,0.0
2.6623744567235312,2.7273104190826416,2.6948424379030866,4.193233866075886,4.295507862809444,4.244370864442666,36595,0.00290830930074056,True,0.7171592712402344,0.2315411888410101,1,0.0
2.7273104190826416,2.7922463814417524,2.759778400262197,4.295507862809444,4.397781859543003,4.346644861176223,31751,0.002523342768351237,True,0.6944466829299927,0.2242082296087949,1,0.0
2.7922463814417524,2.857182343800863,2.8247143626213074,4.397781859543003,4.5000558562765605,4.448918857909781,27146,0.0021573702494303384,True,0.758588969707489,0.2449171319837982,1,0.0
2.857182343800863,2.922118306159973,2.889650324980418,4.5000558562765605,4.602329853010119,4.5511928546433404,22643,0.0017995039621988933,True,0.6291252374649048,0.2031186254632003,1,0.0
2.922118306159973,2.987054268519084,2.9545862873395285,4.602329853010119,4.704603849743678,4.653466851376898,19117,0.0015192826588948567,True,0.6526405811309814,0.2107107613342632,1,0.0
2.987054268519084,3.0519902308781943,3.019522249698639,4.704603849743678,4.806877846477235,4.755740848110456,16250,0.0012914339701334636,True,0.7834920287132263,0.2529573039779419,1,0.0
3.0519902308781943,3.1169261932373047,3.0844582120577497,4.806877846477235,4.909151843210793,4.858014844844015,13390,0.0010641415913899739,True,0.7688109874725342,0.2482174004744772,1,0.0
3.1169261932373047,3.1818621555964155,3.14939417441686,4.909151843210793,5.011425839944352,4.960288841577572,11302,0.0008982022603352865,True,0.8917806148529053,0.28791922802771736,1,0.0
3.1818621555964155,3.246798117955526,3.2143301367759705,5.011425839944352,5.11369983667791,5.0625628383111305,9346,0.0007427533467610677,True,0.8584949970245361,0.27717267306795246,1,0.0
3.246798117955526,3.3117340803146367,3.2792660991350813,5.11369983667791,5.215973833411469,5.16483683504469,7722,0.0006136894226074219,True,0.9270017743110657,0.29929068965464156,1,0.0
3.3117340803146367,3.376670042673747,3.344202061494192,5.215973833411469,5.318247830145027,5.267110831778248,6569,0.0005220572153727213,True,0.9544513821601868,0.3081530373777821,1,0.0
3.376670042673747,3.4416060050328574,3.409138023853302,5.318247830145027,5.420521826878584,5.369384828511805,5527,0.00043924649556477863,True,0.826636552810669,0.26688689368292545,1,0.0
3.4416060050328574,3.506541967391968,3.474073986212413,5.420521826878584,5.522795823612143,5.471658825245364,4782,0.0003800392150878906,True,0.717879056930542,0.23177357799238557,1,0.0
3.506541967391968,3.5714779297510786,3.5390099485715236,5.522795823612143,5.6250698203457015,5.573932821978922,4299,0.00034165382385253906,True,0.43780356645584106,0.14134873844789603,1,0.0
3.5714779297510786,3.636413892110189,3.6039459109306335,5.6250698203457015,5.727343817079259,5.67620681871248,3822,0.0003037452697753906,True,0.6040422320365906,0.19502035618121275,1,0.0
3.636413892110189,3.7013498544692998,3.6688818732897444,5.727343817079259,5.829617813812818,5.778480815446039,3266,0.00025955835978190106,True,0.8089505434036255,0.2611768097334029,1,0.0
3.7013498544692998,3.76628581682841,3.733817835648855,5.829617813812818,5.931891810546376,5.880754812179597,2965,0.00023563702901204428,True,0.5256063342094421,0.16969663555315392,1,0.0
3.76628581682841,3.8312217791875205,3.798753798007965,5.931891810546376,6.034165807279933,5.983028808913154,2629,0.00020893414815266928,True,0.6920099854469299,0.22342152035926025,1,0.0
3.8312217791875205,3.896157741546631,3.863689760367076,6.034165807279933,6.1364398040134915,6.085302805646713,2290,0.00018199284871419272,True,0.5960679650306702,0.1924457938256381,1,0.0
