bin_left,bin_right,bin_center,valid_frames,mean,std
0.0,0.06493596235911052,0.03246798117955526,1,-0.005419497081280011,nan
0.06493596235911052,0.12987192471822104,0.09740394353866577,1,-0.013545986918776952,nan
0.12987192471822104,0.19480788707733154,0.1623399058977763,1,-0.02053550294662362,nan
0.19480788707733154,0.2597438494364421,0.2272758682568868,1,-0.02601159328588561,nan
0.2597438494364421,0.3246798117955526,0.2922118306159973,1,-0.025990867622087053,nan
0.3246798117955526,0.3896157741546631,0.35714779297510785,1,-0.021677576987085043,nan
0.3896157741546631,0.4545517365137736,0.4220837553342184,1,-0.013664442650914392,nan
0.4545517365137736,0.5194876988728842,0.48701971769332886,1,-0.011066698630759117,nan
0.5194876988728842,0.5844236612319946,0.5519556800524394,1,-0.00416399327012487,nan
0.5844236612319946,0.6493596235911052,0.6168916424115499,1,0.0005064489053934066,nan
0.6493596235911052,0.7142955859502157,0.6818276047706604,1,0.0003570803155915301,nan
0.7142955859502157,0.7792315483093262,0.746763567129771,1,0.003473317018849,nan
0.7792315483093262,0.8441675106684368,0.8116995294888815,1,0.0007687105795036079,nan
0.8441675106684368,0.9091034730275472,0.8766354918479919,1,0.013234054372826404,nan
0.9091034730275472,0.9740394353866578,0.9415714542071025,1,0.023112384190302006,nan
0.9740394353866578,1.0389753977457683,1.0065074165662131,1,0.026368247417085797,nan
1.0389753977457683,1.103911360104879,1.0714433789253235,1,0.02775415109836396,nan
1.103911360104879,1.1688473224639893,1.136379341284434,1,0.02502440124577212,nan
1.1688473224639893,1.2337832848230998,1.2013153036435447,1,0.023723031138914677,nan
1.2337832848230998,1.2987192471822104,1.266251266002655,1,0.023222954740692504,nan
1.2987192471822104,1.3636552095413208,1.3311872283617656,1,0.026553840251894754,nan
1.3636552095413208,1.4285911719004314,1.3961231907208762,1,0.024421819890325252,nan
1.4285911719004314,1.493527134259542,1.4610591530799866,1,0.02759980071033027,nan
1.493527134259542,1.5584630966186523,1.5259951154390972,1,0.03310696030140542,nan
1.5584630966186523,1.623399058977763,1.5909310777982077,1,0.04131109740946522,nan
1.623399058977763,1.6883350213368735,1.6558670401573181,1,0.04346792794935626,nan
1.6883350213368735,1.753270983695984,1.720803002516429,1,0.05793641377892933,nan
1.753270983695984,1.8182069460550945,1.7857389648755393,1,0.06277831949313148,nan
1.8182069460550945,1.883142908414205,1.8506749272346497,1,0.07401996187401567,nan
1.883142908414205,1.9480788707733157,1.9156108895937605,1,0.08340009999122479,nan
1.9480788707733157,2.0130148331324262,1.9805468519528708,1,0.0963019219252506,nan
2.0130148331324262,2.0779507954915366,2.045482814311981,1,0.11033302312191232,nan
2.0779507954915366,2.142886757850647,2.110418776671092,1,0.11144947633541014,nan
2.142886757850647,2.207822720209758,2.1753547390302024,1,0.11867247601057336,nan
2.207822720209758,2.272758682568868,2.2402907013893127,1,0.12538547425399157,nan
2.272758682568868,2.3376946449279785,2.3052266637484236,1,0.15498173178027486,nan
2.3376946449279785,2.4026306072870893,2.370162626107534,1,0.16636551911533554,nan
2.4026306072870893,2.4675665696461997,2.4350985884666443,1,0.1719540779331144,nan
2.4675665696461997,2.53250253200531,2.500034550825755,1,0.1833834444090357,nan
2.53250253200531,2.597438494364421,2.5649705131848655,1,0.19607830798528844,nan
2.597438494364421,2.6623744567235312,2.629906475543976,1,0.20580445595998503,nan
2.6623744567235312,2.7273104190826416,2.6948424379030866,1,0.2315411888410101,nan
2.7273104190826416,2.7922463814417524,2.759778400262197,1,0.2242082296087949,nan
2.7922463814417524,2.857182343800863,2.8247143626213074,1,0.2449171319837982,nan
2.857182343800863,2.922118306159973,2.889650324980418,1,0.2031186254632003,nan
2.922118306159973,2.987054268519084,2.9545862873395285,1,0.2107107613342632,nan
2.987054268519084,3.0519902308781943,3.019522249698639,1,0.2529573039779419,nan
3.0519902308781943,3.1169261932373047,3.0844582120577497,1,0.2482174004744772,nan
3.1169261932373047,3.1818621555964155,3.14939417441686,1,0.28791922802771736,nan
3.1818621555964155,3.246798117955526,3.2143301367759705,1,0.27717267306795246,nan
3.246798117955526,3.3117340803146367,3.2792660991350813,1,0.29929068965464156,nan
3.3117340803146367,3.376670042673747,3.344202061494192,1,0.3081530373777821,nan
3.376670042673747,3.4416060050328574,3.409138023853302,1,0.26688689368292545,nan
3.4416060050328574,3.506541967391968,3.474073986212413,1,0.23177357799238557,nan
3.506541967391968,3.5714779297510786,3.5390099485715236,1,0.14134873844789603,nan
3.5714779297510786,3.636413892110189,3.6039459109306335,1,0.19502035618121275,nan
3.636413892110189,3.7013498544692998,3.6688818732897444,1,0.2611768097334029,nan
3.7013498544692998,3.76628581682841,3.733817835648855,1,0.16969663555315392,nan
3.76628581682841,3.8312217791875205,3.798753798007965,1,0.22342152035926025,nan
3.8312217791875205,3.896157741546631,3.863689760367076,1,0.1924457938256381,nan
