frame,time,alpha,beta,a_count,b_count,intersection_count,a_fraction,b_fraction,intersection_fraction,p_a_given_b,p_b_given_a,event_mode
1,0.0,1.0,1.0,83276,517272,41315,0.07941818237304688,0.49330902099609375,0.03940105438232422,0.07987093830711889,0.4961213314760555,positive
1,0.0,1.0,1.5,83276,121545,14790,0.07941818237304688,0.11591434478759766,0.014104843139648438,0.12168332716277921,0.17760219030693117,positive
1,0.0,1.0,2.0,83276,13611,3455,0.07941818237304688,0.012980461120605469,0.0032949447631835938,0.25383880684740284,0.041488544118353426,positive
1,0.0,1.0,3.0,83276,124,22,0.07941818237304688,0.000118255615234375,2.09808349609375e-05,0.1774193548387097,0.0002641817570488496,positive
1,0.0,2.0,1.0,24223,517272,12530,0.023100852966308594,0.49330902099609375,0.011949539184570312,0.02422323265129371,0.5172769681707469,positive
1,0.0,2.0,1.5,24223,121545,4915,0.023100852966308594,0.11591434478759766,0.004687309265136719,0.04043769797194455,0.20290632869586755,positive
1,0.0,2.0,2.0,24223,13611,1203,0.023100852966308594,0.012980461120605469,0.0011472702026367188,0.08838439497465285,0.04966354291375965,positive
1,0.0,2.0,3.0,24223,124,4,0.023100852966308594,0.000118255615234375,3.814697265625e-06,0.03225806451612903,0.00016513231226520248,positive
1,0.0,3.0,1.0,9908,517272,5305,0.009449005126953125,0.49330902099609375,0.005059242248535156,0.010255726194342629,0.5354259184497376,positive
1,0.0,3.0,1.5,9908,121545,2128,0.009449005126953125,0.11591434478759766,0.0020294189453125,0.017507918877781893,0.2147759386354461,positive
1,0.0,3.0,2.0,9908,13611,481,0.009449005126953125,0.012980461120605469,0.00045871734619140625,0.03533906399235912,0.048546628986677436,positive
1,0.0,3.0,3.0,9908,124,4,0.009449005126953125,0.000118255615234375,3.814697265625e-06,0.03225806451612903,0.0004037141703673799,positive
1,0.0,4.0,1.0,4665,517272,2645,0.004448890686035156,0.49330902099609375,0.0025224685668945312,0.0051133639555205,0.5669882100750268,positive
1,0.0,4.0,1.5,4665,121545,1020,0.004448890686035156,0.11591434478759766,0.000972747802734375,0.00839195359743305,0.21864951768488747,positive
1,0.0,4.0,2.0,4665,13611,235,0.004448890686035156,0.012980461120605469,0.00022411346435546875,0.017265447064874,0.05037513397642015,positive
1,0.0,4.0,3.0,4665,124,4,0.004448890686035156,0.000118255615234375,3.814697265625e-06,0.03225806451612903,0.0008574490889603429,positive
