bin_left,bin_right,bin_center,valid_frames,mean,std
0.0,0.07443496386210123,0.037217481931050615,1,-0.00012837937217549707,nan
0.07443496386210123,0.14886992772420246,0.11165244579315184,1,1.766648443750506e-05,nan
0.14886992772420246,0.22330489158630368,0.18608740965525306,1,0.00026200051978250493,nan
0.22330489158630368,0.2977398554484049,0.2605223735173543,1,-0.0007963972248355745,nan
0.2977398554484049,0.37217481931050617,0.33495733737945554,1,-0.0014034810343130722,nan
0.37217481931050617,0.44660978317260736,0.4093923012415568,1,-0.0025785537501849796,nan
0.44660978317260736,0.5210447470347086,0.483827265103658,1,-0.003975171187709912,nan
0.5210447470347086,0.5954797108968098,0.5582622289657593,1,-0.0052587125939793766,nan
0.5954797108968098,0.6699146747589111,0.6326971928278604,1,-0.00682509533576831,nan
0.6699146747589111,0.7443496386210123,0.7071321566899618,1,-0.007172810844657985,nan
0.7443496386210123,0.8187846024831136,0.7815671205520629,1,-0.007900136650373457,nan
0.8187846024831136,0.8932195663452147,0.8560020844141641,1,-0.008285822451994612,nan
0.8932195663452147,0.967654530207316,0.9304370482762654,1,-0.008031228139204592,nan
0.967654530207316,1.0420894940694172,1.0048720121383665,1,-0.006875834565529894,nan
1.0420894940694172,1.1165244579315186,1.0793069760004679,1,-0.006672567510226031,nan
1.1165244579315186,1.1909594217936197,1.1537419398625692,1,-0.006595626749989269,nan
1.1909594217936197,1.2653943856557208,1.2281769037246701,1,-0.006219402156163879,nan
1.2653943856557208,1.3398293495178222,1.3026118675867715,1,-0.005804985659956073,nan
1.3398293495178222,1.4142643133799233,1.3770468314488729,1,-0.005084250689414726,nan
1.4142643133799233,1.4886992772420247,1.451481795310974,1,-0.005116324289370781,nan
1.4886992772420247,1.5631342411041258,1.5259167591730751,1,-0.004648692456626981,nan
1.5631342411041258,1.6375692049662272,1.6003517230351765,1,-0.004696105489683318,nan
1.6375692049662272,1.7120041688283283,1.6747866868972778,1,-0.004209598435995868,nan
1.7120041688283283,1.7864391326904294,1.7492216507593787,1,-0.004237701529705993,nan
1.7864391326904294,1.8608740965525308,1.82365661462148,1,-0.0031513311545329076,nan
1.8608740965525308,1.935309060414632,1.8980915784835815,1,-0.0010125831554452732,nan
1.935309060414632,2.009744024276733,1.9725265423456824,1,0.0010707869076357615,nan
2.009744024276733,2.0841789881388344,2.0469615062077837,1,0.003756011554581805,nan
2.0841789881388344,2.1586139520009358,2.121396470069885,1,0.0072286939979045155,nan
2.1586139520009358,2.233048915863037,2.1958314339319864,1,0.012650090940158471,nan
2.233048915863037,2.307483879725138,2.270266397794088,1,0.015431963923581,nan
2.307483879725138,2.3819188435872394,2.3447013616561887,1,0.0208665489851413,nan
2.3819188435872394,2.4563538074493407,2.41913632551829,1,0.02669319904041755,nan
2.4563538074493407,2.5307887713114416,2.493571289380391,1,0.034316151264059576,nan
2.5307887713114416,2.605223735173543,2.5680062532424923,1,0.04263124788192765,nan
2.605223735173543,2.6796586990356444,2.6424412171045937,1,0.051182599148298535,nan
2.6796586990356444,2.7540936628977457,2.716876180966695,1,0.0585044272402189,nan
2.7540936628977457,2.8285286267598466,2.7913111448287964,1,0.06704136567151411,nan
2.8285286267598466,2.902963590621948,2.8657461086908973,1,0.07492579148742784,nan
2.902963590621948,2.9773985544840493,2.9401810725529987,1,0.07945816144866694,nan
2.9773985544840493,3.0518335183461502,3.0146160364150996,1,0.08378768705449191,nan
3.0518335183461502,3.1262684822082516,3.089051000277201,1,0.0972487497182157,nan
3.1262684822082516,3.200703446070353,3.1634859641393023,1,0.10038147064535582,nan
3.200703446070353,3.2751384099324543,3.2379209280014036,1,0.10865312473641349,nan
3.2751384099324543,3.349573373794555,3.312355891863505,1,0.11756611950235468,nan
3.349573373794555,3.4240083376566566,3.386790855725606,1,0.1184221190238842,nan
3.4240083376566566,3.498443301518758,3.4612258195877073,1,0.12229662490705996,nan
3.498443301518758,3.572878265380859,3.535660783449808,1,0.13373877440417067,nan
3.572878265380859,3.64731322924296,3.6100957473119095,1,0.14515569088705846,nan
3.64731322924296,3.7217481931050616,3.684530711174011,1,0.15379084108746674,nan
3.7217481931050616,3.796183156967163,3.7589656750361122,1,0.153933224701924,nan
3.796183156967163,3.870618120829264,3.8334006388982136,1,0.15665951587432375,nan
3.870618120829264,3.945053084691365,3.9078356027603145,1,0.16036464163191452,nan
3.945053084691365,4.019488048553466,3.9822705666224154,1,0.15399843656619086,nan
4.019488048553466,4.093923012415567,4.056705530484517,1,0.14475109967164437,nan
4.093923012415567,4.168357976277669,4.131140494346618,1,0.13741774787787536,nan
4.168357976277669,4.24279294013977,4.2055754582087195,1,0.1418936155858907,nan
4.24279294013977,4.3172279040018715,4.280010422070821,1,0.15774646782826332,nan
4.3172279040018715,4.391662867863973,4.354445385932922,1,0.17750703222531697,nan
4.391662867863973,4.466097831726074,4.4288803497950235,1,0.17078264968186516,nan
