frame,time,alpha,beta,a_count,b_count,intersection_count,a_fraction,b_fraction,intersection_fraction,p_a_given_b,p_b_given_a,event_mode,random_p_a_given_b,random_p_b_given_a,p_a_given_b_over_random,p_b_given_a_over_random
1,0.0,1.0,1.0,75267754,454939429,52800256,0.07009855844080448,0.4236953603103757,0.04917407035827637,0.11605996894149177,0.7014990244029335,positive,0.07009855844080448,0.4236953603103757,1.655668412061568,1.655668412061568
1,0.0,1.0,1.5,75267754,230407629,33911281,0.07009855844080448,0.214583826251328,0.03158234152942896,0.1471795059355435,0.45054195452676854,positive,0.07009855844080448,0.214583826251328,2.099608168972988,2.099608168972988
1,0.0,1.0,2.0,75267754,101776521,19045442,0.07009855844080448,0.09478677157312632,0.01773745007812977,0.18713001596900725,0.25303587509732256,positive,0.07009855844080448,0.09478677157312632,2.669527307427175,2.669527307427175
1,0.0,1.0,3.0,75267754,15816529,4499865,0.07009855844080448,0.01473029050976038,0.00419082585722208,0.2845039515307056,0.059784765199716206,positive,0.07009855844080448,0.01473029050976038,4.05862770731524,4.05862770731524
1,0.0,2.0,1.0,23333680,454939429,18189987,0.0217311829328537,0.4236953603103757,0.016940745525062084,0.03998331610865938,0.7795592894048431,positive,0.0217311829328537,0.4236953603103757,1.8399051828978756,1.8399051828978756
1,0.0,2.0,1.5,23333680,230407629,12827246,0.0217311829328537,0.214583826251328,0.011946303769946098,0.05567196735486567,0.5497309468545039,positive,0.0217311829328537,0.214583826251328,2.5618470714127355,2.5618470714127355
1,0.0,2.0,2.0,23333680,101776521,8023815,0.0217311829328537,0.09478677157312632,0.007472760044038296,0.0788375837684607,0.34387267674880256,positive,0.0217311829328537,0.09478677157312632,3.6278551430935795,3.6278551430935795
1,0.0,2.0,3.0,23333680,15816529,2387513,0.0217311829328537,0.01473029050976038,0.002223544754087925,0.15095050247750313,0.10232046552451221,positive,0.0217311829328537,0.01473029050976038,6.946262563980937,6.946262563980937
1,0.0,3.0,1.0,9978469,454939429,8165636,0.00929317343980074,0.4236953603103757,0.0076048411428928375,0.017948842152347273,0.8183255367130969,positive,0.00929317343980074,0.4236953603103757,1.9314007500899635,1.9314007500899635
1,0.0,3.0,1.5,9978469,230407629,6042472,0.00929317343980074,0.214583826251328,0.00562749058008194,0.0262251385782022,0.6055510118836868,positive,0.00929317343980074,0.214583826251328,2.8219788157493495,2.8219788157493495
1,0.0,3.0,2.0,9978469,101776521,3993816,0.00929317343980074,0.09478677157312632,0.003719530999660492,0.03924103477657681,0.4002433639870004,positive,0.00929317343980074,0.09478677157312632,4.222565631726572,4.222565631726572
1,0.0,3.0,3.0,9978469,15816529,1351470,0.00929317343980074,0.01473029050976038,0.0012586545199155807,0.08544668681731624,0.1354386128773863,positive,0.00929317343980074,0.01473029050976038,9.194564953599786,9.194564953599786
1,0.0,4.0,1.0,5087280,454939429,4293120,0.0047378987073898315,0.4236953603103757,0.003998279571533203,0.009436684811946691,0.8438930037269425,positive,0.0047378987073898315,0.4236953603103757,1.991744736380293,1.991744736380293
1,0.0,4.0,1.5,5087280,230407629,3280883,0.0047378987073898315,0.214583826251328,0.003055560402572155,0.014239472079286055,0.6449188957556887,positive,0.0047378987073898315,0.214583826251328,3.005440377413801,3.005440377413801
1,0.0,4.0,2.0,5087280,101776521,2248560,0.0047378987073898315,0.09478677157312632,0.0020941346883773804,0.022093111239280816,0.44199650893994435,positive,0.0047378987073898315,0.09478677157312632,4.663061117119617,4.663061117119617
1,0.0,4.0,3.0,5087280,15816529,825526,0.0047378987073898315,0.01473029050976038,0.0007688309997320175,0.052193878947776724,0.16227257001776982,positive,0.0047378987073898315,0.01473029050976038,11.016250488084198,11.016250488084198
