frame,time,region,alpha,beta,count,volume_fraction,u2_sum,u2_fraction,q_positive_sum,q_positive_fraction,q_negative_magnitude_sum,q_negative_magnitude_fraction,q_absolute_sum,q_absolute_fraction,q_squared_sum,q_squared_fraction,q_net_sum
1,0.0,A,1.0,,75267754,0.07009855844080448,157512001.35234407,0.10743397635994396,481758119.07290363,0.5275283576764124,0.0,0.0,481758119.07290363,0.26376408335262386,4776215089.8830385,0.44067412512096293,481758119.07290363
1,0.0,A,2.0,,23333680,0.0217311829328537,56039566.57336833,0.03822282377707318,255100057.24505472,0.2793362663002216,0.0,0.0,255100057.24505472,0.13966808258868477,3747427791.8790483,0.34575378883967334,255100057.24505472
1,0.0,A,3.0,,9978469,0.00929317343980074,25914321.05190602,0.017675342395317976,152921200.64627934,0.1674497359506445,0.0,0.0,152921200.64627934,0.08372483766598378,2955003096.2198973,0.2726412817786915,152921200.64627934
1,0.0,A,4.0,,5087280,0.0047378987073898315,13962206.34796021,0.009523181305810344,99648868.56531334,0.1091161765570939,0.0,0.0,99648868.56531334,0.05455806852790889,2370799489.972908,0.21874014704530834,99648868.56531334
1,0.0,B,,1.0,454939429,0.4236953603103757,1033564363.959392,0.7049617076206451,558594737.2307286,0.6116649676918486,550344644.5774344,0.6026306248222659,1108939381.8081632,0.6071477946217908,8269893822.358444,0.763015935511461,8250092.653294206
1,0.0,B,,1.5,230407629,0.214583826251328,656043443.7060163,0.44746657535349443,343474191.3346458,0.37610653331112825,330927467.0859894,0.36236752410665085,674401658.4206352,0.36923702622205207,5910351353.536289,0.5453144096031245,12546724.248656392
1,0.0,B,,2.0,101776521,0.09478677157312632,353520906.3362415,0.24112547849045865,189587530.18840992,0.20759961166546395,175651397.56657007,0.1923393141178331,365238927.75497997,0.19996946012944933,3828613123.1752815,0.3532442963164837,13936132.621839851
1,0.0,B,,3.0,15816529,0.01473029050976038,76467383.57979631,0.05215599452286654,47297211.73524139,0.05179076271175347,40616457.669461735,0.044475260193016966,87913669.40470313,0.04813301012823836,1332465740.6266494,0.12293901414701233,6680754.065779656
1,0.0,intersection,1.0,1.0,52800256,0.04917407035827637,137224290.9779129,0.09359636793613613,356965492.65025115,0.39087959834973096,0.0,0.0,356965492.65025115,0.19543972842347265,3841895645.7757673,0.35446979891974095,356965492.65025115
1,0.0,intersection,1.0,1.5,33911281,0.03158234152942896,105094230.519274,0.07168146541365851,242357657.50843024,0.2653832534919401,0.0,0.0,242357657.50843024,0.1326915787101173,2840107042.8864746,0.262040478249176,242357657.50843024
1,0.0,intersection,1.0,2.0,19045442,0.01773745007812977,69878547.60544443,0.04766195697505696,146137055.8026247,0.16002105204076222,0.0,0.0,146137055.8026247,0.08001049705567596,1900852165.8158424,0.17538078779774902,146137055.8026247
1,0.0,intersection,1.0,3.0,4499865,0.00419082585722208,22185214.526624203,0.015131836257111718,41614431.01186538,0.04556807986873933,0.0,0.0,41614431.01186538,0.022784031686292422,696160118.149654,0.06423072354080635,41614431.01186538
1,0.0,intersection,2.0,1.0,18189987,0.016940745525062084,51204575.96506977,0.03492502892809186,204468169.02625418,0.22389401056923394,0.0,0.0,204468169.02625418,0.11194696475854919,3143134552.364998,0.2899990982262973,204468169.02625418
1,0.0,intersection,2.0,1.5,12827246,0.011946303769946098,42040387.84003663,0.028674424771393182,148712180.83427382,0.16284083114769554,0.0,0.0,148712180.83427382,0.08142038609874684,2407608140.0183,0.22213627124624627,148712180.83427382
1,0.0,intersection,2.0,2.0,8023815,0.007472760044038296,30625208.1732831,0.020888490163660123,96719173.28023481,0.10590814065475361,0.0,0.0,96719173.28023481,0.05295405115741118,1670484333.3321352,0.1541260618012579,96719173.28023481
1,0.0,intersection,2.0,3.0,2387513,0.002223544754087925,11983265.32272625,0.008173407945702222,31941250.69773817,0.03497588282504588,0.0,0.0,31941250.69773817,0.017487935081692586,650134595.2156017,0.05998421104702018,31941250.69773817
1,0.0,intersection,3.0,1.0,8165636,0.0076048411428928375,24175011.784377098,0.016489014311578263,127605184.24944973,0.1397285289299328,0.0,0.0,127605184.24944973,0.0698642391733214,2545724136.9051976,0.23487944653210505,127605184.24944973
1,0.0,intersection,3.0,1.5,6042472,0.00562749058008194,20536746.48902774,0.014007468115886103,96574253.45600033,0.10574945247940891,0.0,0.0,96574253.45600033,0.05287470709846228,2001476085.6851916,0.1846647829738861,96574253.45600033
1,0.0,intersection,3.0,2.0,3993816,0.003719530999660492,15660663.08671546,0.010681645166044341,65666634.36101818,0.07190540316221058,0.0,0.0,65666634.36101818,0.03595268856582527,1427944311.6013408,0.13174827732722272,65666634.36101818
1,0.0,intersection,3.0,3.0,1351470,0.0012586545199155807,6877480.932358265,0.004690913184768237,23903740.023509026,0.02617475496041906,0.0,0.0,23903740.023509026,0.013087372742432534,586930757.3944803,0.05415275341541006,23903740.023509026
1,0.0,intersection,4.0,1.0,4293120,0.003998279571533203,13188759.147099257,0.008995637324529302,85387285.93466282,0.09349964833440084,0.0,0.0,85387285.93466282,0.04674980724324129,2082300050.182107,0.19212194919718495,85387285.93466282
1,0.0,intersection,4.0,1.5,3280883,0.003055560402572155,11451296.816153288,0.0078105689780761925,66439084.26791477,0.07275124096886058,0.0,0.0,66439084.26791477,0.03637560731604891,1670368230.9271297,0.15411534969454005,66439084.26791477
1,0.0,intersection,4.0,2.0,2248560,0.0020941346883773804,8991162.688068151,0.006132588954396831,46603478.78383064,0.05103112049705041,0.0,0.0,46603478.78383064,0.025515551011607067,1218285720.6703634,0.11240427493329685,46603478.78383064
1,0.0,intersection,4.0,3.0,825526,0.0007688309997320175,4245691.316847801,0.0028958523582308477,18144654.35618496,0.019868517694199825,0.0,0.0,18144654.35618496,0.00993425525078712,523433463.1016017,0.04829422022888478,18144654.35618496
