left,right,x_mean,count,selected_volume_fraction,mean_angle_deg,mean_cos_theta,p25,p75
1.0000001192092896,1.034108281135559,1.0170709021879578,1320003,0.024999935606372817,41.763473443493865,0.710833481779357,28.396728515625,55.215965270996094
1.034108281135559,1.1024364858865738,1.0682943374844116,2658172,0.050343922574920846,42.00691205517407,0.7079107174907779,28.610885620117188,55.5306396484375
1.1024364858865738,1.1707646906375886,1.1365775163311087,2656361,0.050309623498795156,42.32103054363566,0.7042662809131701,28.93768310546875,55.86212158203125
1.1707646906375886,1.2390928953886031,1.2048591493638483,2637131,0.04994542071917227,42.61948867599324,0.7006371588942041,29.183990478515625,56.22895812988281
1.2390928953886031,1.3074211001396179,1.2731627744270706,2599469,0.049232128723012254,42.91035384105737,0.6971085550115402,29.462310791015625,56.59156036376953
1.3074211001396179,1.3757493048906326,1.341463424324057,2547471,0.0482473228917678,43.19082711243229,0.6937223159747274,29.73468017578125,56.921180725097656
1.3757493048906326,1.4440775096416474,1.4097421463254447,2488443,0.047129373766672644,43.46723795212168,0.6903402906705831,29.9876708984375,57.26793670654297
1.4440775096416474,1.5124057143926621,1.4780391703600189,2413075,0.04570195644505966,43.74974439077852,0.6869223972080923,30.284881591796875,57.60975646972656
1.5124057143926621,1.5807339191436767,1.5463516808003934,2323055,0.043997040468894695,44.05868432853006,0.6831527693888287,30.555160522460938,57.96537780761719
1.5807339191436767,1.6490621238946916,1.6146503269193258,2234474,0.04231937814846958,44.34146225078578,0.6796066242785658,30.807952880859375,58.31010437011719
1.6490621238946916,1.7173903286457062,1.682975619699068,2138880,0.04050889450232969,44.59730811864583,0.6763763825322118,31.020950317382812,58.652503967285156
1.7173903286457062,1.785718533396721,1.7512847964307676,2033209,0.03850755950880238,44.86875762867709,0.6730318532095261,31.260116577148438,58.98326110839844
1.785718533396721,1.8540467381477357,1.8196115193012645,1929692,0.036547019772025346,45.17251788778549,0.6692692768563743,31.537979125976562,59.3485107421875
1.8540467381477357,1.9223749428987502,1.8878780083982165,1826138,0.03458577928107015,45.366800659677494,0.6667210728462906,31.687713623046875,59.633277893066406
1.9223749428987502,1.9907031476497652,1.956197973760399,1722736,0.03262741756403605,45.62137874868867,0.6635122928260107,31.91156005859375,59.92683410644531
1.9907031476497652,2.0590313524007797,2.024467423048804,1615568,0.030597730435246374,45.8860045702761,0.6601379764160555,32.1610107421875,60.27030944824219
2.0590313524007797,2.1273595571517943,2.092795287080927,1509295,0.02858499398184736,46.06258054919823,0.6578024141752976,32.307037353515625,60.515716552734375
2.1273595571517943,2.1956877619028092,2.161151739679995,1404707,0.026604170252507865,46.3086970282466,0.6547688804687524,32.579742431640625,60.77616882324219
2.1956877619028092,2.264015966653824,2.2294402081869142,1309094,0.024793326759627834,46.53852403633044,0.6519519095792441,32.84600830078125,60.993431091308594
2.264015966653824,2.3323441714048387,2.2977232124986453,1212658,0.022966896221109232,46.73183555052714,0.6495233769081391,33.04840087890625,61.22126770019531
2.3323441714048387,2.4006723761558533,2.366026736161721,1122825,0.0212655218944393,46.93151194698939,0.6469222866362742,33.26527404785156,61.440521240234375
2.4006723761558533,2.469000580906868,2.434382710801359,1035901,0.019619241997614556,47.12430267057354,0.6443820223231318,33.45318603515625,61.665069580078125
2.469000580906868,2.537328785657883,2.5026974284087204,952779,0.01804496932742144,47.366972942323684,0.6411717043224172,33.65278625488281,62.00181579589844
2.537328785657883,2.6056569904088978,2.5709768034570573,875006,0.016572002984227955,47.60397958244218,0.63803581095493,33.822113037109375,62.318695068359375
2.6056569904088978,2.6739851951599123,2.639307246025412,801509,0.015180021096867408,47.86468329681833,0.6346687281555046,34.03956604003906,62.675750732421875
2.6739851951599123,2.742313399910927,2.7075999775293105,731554,0.013855122217589248,48.162541709623355,0.6309194672584298,34.337890625,62.986083984375
2.742313399910927,2.8106416046619414,2.7759348846207996,665818,0.012610128253923618,48.425655291356776,0.6274603846560364,34.6287841796875,63.299346923828125
2.8106416046619414,2.8789698094129563,2.8442599388594854,603921,0.011437842271067776,48.66109661141641,0.624297622475662,34.88719177246094,63.57048797607422
2.8789698094129563,2.9472980141639713,2.912518838103199,547174,0.01036309369409118,48.943924375674186,0.6206137735080659,35.1947021484375,63.915283203125
2.9472980141639713,3.015626218914986,2.9808680255304107,492705,0.009331488847326801,49.16395891507224,0.6176294596167115,35.3651123046875,64.20879364013672
3.015626218914986,3.0839544236660004,3.0492510186160517,444153,0.008411947851161934,49.28061352126585,0.6159092401346401,35.449432373046875,64.406005859375
3.0839544236660004,3.1522826284170153,3.117522466855118,401147,0.007597444224512851,49.46645439617393,0.6134244053928427,35.559814453125,64.61863708496094
3.1522826284170153,3.22061083316803,3.1858980662887415,362389,0.00686339475323756,49.62444765125949,0.6113792331911436,35.771270751953125,64.75639343261719
3.22061083316803,3.2889390379190444,3.2541711374786857,326574,0.006185083648079282,49.79028223986646,0.6088366734265038,35.81724548339844,65.02510070800781
3.2889390379190444,3.3572672426700594,3.3224355499207823,292633,0.005542264795079781,49.994253172915194,0.6061228777955179,36.09471130371094,65.29208374023438
3.3572672426700594,3.425595447421074,3.390824258568306,263593,0.0049922674617335185,50.07986460945057,0.6048958260567163,36.02833557128906,65.4124526977539
3.425595447421074,3.493923652172089,3.459154311902649,237911,0.004505868304880946,50.204108026790095,0.6030687441889051,36.124420166015625,65.64396667480469
3.493923652172089,3.5622518569231034,3.527508380868228,215171,0.004075188574843273,50.308719033458004,0.6016579656956512,36.169708251953125,65.70972442626953
3.5622518569231034,3.630580061674118,3.5957778101105653,194122,0.0036765352046777954,50.48704648581622,0.5994681976298843,36.378448486328125,65.9630355834961
3.630580061674118,3.698908266425133,3.664092262137044,175883,0.003331101273448371,50.71863396981101,0.59612998369038,36.53086853027344,66.275634765625
3.698908266425133,3.7672364711761475,3.7324693460167047,157849,0.002989549899152004,50.933278328870244,0.5932206910273152,36.827789306640625,66.49637603759766
3.7672364711761475,8.648154258728027,4.333069696373926,1320008,0.02500003030288338,53.00637734928053,0.5655217951144406,39.252838134765625,68.63451385498047
