alpha,beta,R_A_B,R_B_A,random_R_A_B,random_R_B_A,normalized_R_A_B,normalized_R_B_A
1.0,1.0,0.7832051417540642,0.1360711507538518,0.47179683049519855,0.08196822802225749,1.660047484702284,1.6600474847022837
1.0,1.5,0.5298570194464024,0.1811833774941583,0.23970985412597656,0.08196822802225749,2.210409836418083,2.210409836418083
1.0,2.0,0.2831833267241872,0.26424139671809604,0.0878440539042155,0.08196822802225749,3.2237051244580335,3.2237051244580335
1.0,3.0,0.039227301946191534,0.3921357680080639,0.008199691772460938,0.08196822802225749,4.783997134860401,4.783997134860401
2.0,1.0,0.8301511158301891,0.04425074512623266,0.47179683049519855,0.025148868560791016,1.7595521253478144,1.7595521253478141
2.0,1.5,0.6149042806671596,0.06451193668425143,0.23970985412597656,0.025148868560791016,2.5652023481020696,2.5652023481020696
2.0,2.0,0.3820873071550912,0.10938775067083796,0.0878440539042155,0.025148868560791016,4.34960922422497,4.34960922422497
2.0,3.0,0.06627039052476567,0.2032546328603551,0.008199691772460938,0.025148868560791016,8.082058736322015,8.082058736322017
3.0,1.0,0.839522141525805,0.01760222808493378,0.47179683049519855,0.009892145792643229,1.779414543002846,1.7794145430028463
3.0,1.5,0.6318931165241982,0.02607643668557758,0.23970985412597656,0.009892145792643229,2.636074844850202,2.636074844850202
3.0,2.0,0.40656533196220834,0.045783446451479824,0.0878440539042155,0.009892145792643229,4.628262402433341,4.628262402433342
3.0,3.0,0.07708560961501382,0.09299643327905714,0.008199691772460938,0.009892145792643229,9.401037472397386,9.401037472397388
4.0,1.0,0.8363103217158177,0.00840736868950429,0.47179683049519855,0.004742940266927083,1.772606909711592,1.7726069097115922
4.0,1.5,0.6282674262734584,0.01243100699942445,0.23970985412597656,0.004742940266927083,2.6209495165070695,2.62094951650707
4.0,2.0,0.4055127345844504,0.02189473950860102,0.0878440539042155,0.004742940266927083,4.616279834109415,4.616279834109415
4.0,3.0,0.08522117962466488,0.049294409552609136,0.008199691772460938,0.004742940266927083,10.393217451280833,10.393217451280835
