sigma,branch,contribution_area,mu_log10,sigma_log10,weighted_skewness,weighted_excess_kurtosis,cdf_max_abs_error_core,cdf_rmse_core,pdf_r2_core,log_density_quadratic_r2_core,curvature_relative_error,qq_r2
5.0,forward,0.09312047053257021,0.07887998649843851,0.5367612960642859,-0.2370778543066843,0.14512110559451674,0.009485604065849085,0.005835524287570767,0.9932856017769566,0.9918298605797167,0.03301433576756012,0.9963370393343572
5.0,backscatter,0.04742346402749123,-0.0476702276366618,0.5486854332593479,-0.20362493907837623,0.10458099048266067,0.007789784765020902,0.004811759326759298,0.9957421740868202,0.9943250894461269,0.023194632080744914,0.9968626273479418
10.0,forward,0.11939908677911883,0.07835352684523536,0.4780886519045938,-0.2885287285719688,0.20634234626716497,0.011099988056001875,0.006651205727108173,0.9914678997683847,0.9893851793522911,0.04989758986509853,0.9934597584118677
10.0,backscatter,0.04641839499196671,-0.0846376547047986,0.4928310324356732,-0.2541350786112554,0.19051859102479884,0.00959470340885571,0.005833685459223276,0.9936301164469863,0.9919643884754593,0.03994658847264402,0.9952375659919469
15.0,forward,0.1201781922171461,0.07817534377675311,0.45848193848217256,-0.3185494021080664,0.2466438352957958,0.012838950813542471,0.0075490386397748035,0.9887957779350041,0.9862636106737684,0.04892795775934407,0.9924592284894526
15.0,backscatter,0.03849242838042554,-0.10850903146910217,0.47741164953198173,-0.2915973760161202,0.21212086743661995,0.01099409994328282,0.0066065943472513955,0.9916779904009092,0.989713445661904,0.05065342407939129,0.9938561080129036
30.0,forward,0.11725734935299661,0.07636245810198339,0.4240289162640402,-0.40439486614467574,0.3216022189540606,0.016882525781246938,0.009759194034265426,0.9812912795880567,0.977726794898139,0.07156823654943148,0.986948723754214
30.0,backscatter,0.028836086506901618,-0.13668886911147293,0.4455063600870873,-0.4365713531982261,0.302409177939722,0.018229318964291252,0.011514399161212645,0.9725822494422292,0.9816574639436865,0.10486254845268261,0.9870952252205145
55.0,forward,0.11713878281483753,0.07692005273103193,0.38156958390839035,-0.5515577368300216,0.5462572255971487,0.02428200575554984,0.013953562822770613,0.9627042283630334,0.9708583318356808,0.15538071621393695,0.9786032078575769
55.0,backscatter,0.025214790042339945,-0.16385887012701741,0.4146046039225163,-0.46831922326864467,0.4189241734229765,0.01920510986542101,0.011513479186074777,0.9741593074155785,0.9774032302514487,0.11265756575431089,0.9837470983098651
