bin_left,bin_right,bin_center,u2_bin_left,u2_bin_right,u2_bin_center,count,probability,valid,conditional_q,conditional_q_normalized,frame,time
0.0,0.07443496386210123,0.037217481931050615,0.0,0.10163636252306484,0.05081818126153242,24117004,0.022460710257291794,True,-0.00040787633042782545,-0.00012837937217549707,1,0.0
0.07443496386210123,0.14886992772420246,0.11165244579315184,0.10163636252306484,0.20327272504612967,0.15245454378459725,40668683,0.03787566255778074,True,5.612849417957477e-05,1.766648443750506e-05,1,0.0
0.14886992772420246,0.22330489158630368,0.18608740965525306,0.20327272504612967,0.3049090875691945,0.25409090630766207,47660595,0.0443873880431056,True,0.0008324063965119421,0.00026200051978250493,1,0.0
0.22330489158630368,0.2977398554484049,0.2605223735173543,0.3049090875691945,0.40654545009225934,0.3557272688307269,50759353,0.04727333132177591,True,-0.002530247438699007,-0.0007963972248355745,1,0.0
0.2977398554484049,0.37217481931050617,0.33495733737945554,0.40654545009225934,0.5081818126153241,0.45736363135379177,52060043,0.04848469328135252,True,-0.00445902394130826,-0.0014034810343130722,1,0.0
0.37217481931050617,0.44660978317260736,0.4093923012415568,0.5081818126153241,0.609818175138389,0.5589999938768566,52218316,0.048632096499204636,True,-0.008192367851734161,-0.0025785537501849796,1,0.0
0.44660978317260736,0.5210447470347086,0.483827265103658,0.609818175138389,0.7114545376614538,0.6606363563999214,51725524,0.048173148185014725,True,-0.012629585340619087,-0.003975171187709912,1,0.0
0.5210447470347086,0.5954797108968098,0.5582622289657593,0.7114545376614538,0.8130909001845187,0.7622727189229863,50732206,0.04724804870784283,True,-0.01670754700899124,-0.0052587125939793766,1,0.0
0.5954797108968098,0.6699146747589111,0.6326971928278604,0.8130909001845187,0.9147272627075835,0.863909081446051,49376662,0.04598559997975826,True,-0.021684128791093826,-0.00682509533576831,1,0.0
0.6699146747589111,0.7443496386210123,0.7071321566899618,0.9147272627075835,1.0163636252306483,0.965545443969116,47880572,0.04459225758910179,True,-0.022788861766457558,-0.007172810844657985,1,0.0
0.7443496386210123,0.8187846024831136,0.7815671205520629,1.0163636252306483,1.1179999877537132,1.0671818064921808,46343416,0.04316066950559616,True,-0.025099661201238632,-0.007900136650373457,1,0.0
0.8187846024831136,0.8932195663452147,0.8560020844141641,1.1179999877537132,1.219636350276778,1.1688181690152455,44616811,0.0415526432916522,True,-0.026325030252337456,-0.008285822451994612,1,0.0
0.8932195663452147,0.967654530207316,0.9304370482762654,1.219636350276778,1.3212727127998427,1.2704545315383104,42723238,0.03978911601006985,True,-0.025516154244542122,-0.008031228139204592,1,0.0
0.967654530207316,1.0420894940694172,1.0048720121383665,1.3212727127998427,1.4229090753229077,1.3720908940613752,40649517,0.03785781282931566,True,-0.02184533327817917,-0.006875834565529894,1,0.0
1.0420894940694172,1.1165244579315186,1.0793069760004679,1.4229090753229077,1.5245454378459726,1.4737272565844401,38537658,0.03589099086821079,True,-0.021199529990553856,-0.006672567510226031,1,0.0
1.1165244579315186,1.1909594217936197,1.1537419398625692,1.5245454378459726,1.6261818003690374,1.575363619107505,36306367,0.03381293918937445,True,-0.020955080166459084,-0.006595626749989269,1,0.0
1.1909594217936197,1.2653943856557208,1.2281769037246701,1.6261818003690374,1.727818162892102,1.6769999816305696,34111827,0.031769114546477795,True,-0.01975977048277855,-0.006219402156163879,1,0.0
1.2653943856557208,1.3398293495178222,1.3026118675867715,1.727818162892102,1.829454525415167,1.7786363441536346,31886551,0.02969666477292776,True,-0.018443120643496513,-0.005804985659956073,1,0.0
1.3398293495178222,1.4142643133799233,1.3770468314488729,1.829454525415167,1.9310908879382318,1.8802727066766995,29620026,0.027585798874497414,True,-0.016153261065483093,-0.005084250689414726,1,0.0
1.4142643133799233,1.4886992772420247,1.451481795310974,1.9310908879382318,2.0327272504612965,1.9819090691997643,27375225,0.025495165027678013,True,-0.01625516265630722,-0.005116324289370781,1,0.0
1.4886992772420247,1.5631342411041258,1.5259167591730751,2.0327272504612965,2.1343636129843615,2.083545431722829,25166209,0.023437858559191227,True,-0.014769441448152065,-0.004648692456626981,1,0.0
1.5631342411041258,1.6375692049662272,1.6003517230351765,2.1343636129843615,2.2359999755074265,2.185181794245894,22976741,0.021398757584393024,True,-0.014920078217983246,-0.004696105489683318,1,0.0
1.6375692049662272,1.7120041688283283,1.6747866868972778,2.2359999755074265,2.337636338030491,2.286818156768959,20876509,0.01944276411086321,True,-0.013374388217926025,-0.004209598435995868,1,0.0
1.7120041688283283,1.7864391326904294,1.7492216507593787,2.337636338030491,2.439272700553556,2.3884545192920235,18936246,0.017635753378272057,True,-0.013463675044476986,-0.004237701529705993,1,0.0
1.7864391326904294,1.8608740965525308,1.82365661462148,2.439272700553556,2.540909063076621,2.4900908818150884,17106428,0.01593160256743431,True,-0.010012148879468441,-0.0031513311545329076,1,0.0
1.8608740965525308,1.935309060414632,1.8980915784835815,2.540909063076621,2.6425454255996854,2.5917272443381534,15420922,0.014361852779984474,True,-0.003217095509171486,-0.0010125831554452732,1,0.0
1.935309060414632,2.009744024276733,1.9725265423456824,2.6425454255996854,2.7441817881227504,2.693363606861218,13835975,0.012885755859315395,True,0.003402015659958124,0.0010707869076357615,1,0.0
2.009744024276733,2.0841789881388344,2.0469615062077837,2.7441817881227504,2.8458181506458153,2.794999969384283,12321832,0.011475600302219391,True,0.011933289468288422,0.003756011554581805,1,0.0
2.0841789881388344,2.1586139520009358,2.121396470069885,2.8458181506458153,2.9474545131688803,2.896636331907348,10935281,0.010184274055063725,True,0.022966409102082253,0.0072286939979045155,1,0.0
2.1586139520009358,2.233048915863037,2.1958314339319864,2.9474545131688803,3.0490908756919453,2.9982726944304128,9674354,0.009009944275021553,True,0.04019082337617874,0.012650090940158471,1,0.0
2.233048915863037,2.307483879725138,2.270266397794088,3.0490908756919453,3.1507272382150098,3.0999090569534777,8541464,0.007954858243465424,True,0.0490291602909565,0.015431963923581,1,0.0
2.307483879725138,2.3819188435872394,2.3447013616561887,3.1507272382150098,3.2523636007380747,3.2015454194765423,7524920,0.007008127868175507,True,0.06629547476768494,0.0208665489851413,1,0.0
2.3819188435872394,2.4563538074493407,2.41913632551829,3.2523636007380747,3.3539999632611397,3.303181781999607,6618716,0.0061641596257686615,True,0.08480742573738098,0.02669319904041755,1,0.0
2.4563538074493407,2.5307887713114416,2.493571289380391,3.3539999632611397,3.455636325784204,3.4048181445226717,5798331,0.005400116555392742,True,0.10902643948793411,0.034316151264059576,1,0.0
2.5307887713114416,2.605223735173543,2.5680062532424923,3.455636325784204,3.557272688307269,3.5064545070457367,5072131,0.004723790101706982,True,0.13544447720050812,0.04263124788192765,1,0.0
2.605223735173543,2.6796586990356444,2.6424412171045937,3.557272688307269,3.658909050830334,3.6080908695688017,4435323,0.004130716435611248,True,0.1626131236553192,0.051182599148298535,1,0.0
2.6796586990356444,2.7540936628977457,2.716876180966695,3.658909050830334,3.760545413353399,3.7097272320918666,3863989,0.003598620183765888,True,0.18587543070316315,0.0585044272402189,1,0.0
2.7540936628977457,2.8285286267598466,2.7913111448287964,3.760545413353399,3.8621817758764636,3.8113635946149316,3352635,0.003122384659945965,True,0.21299828588962555,0.06704136567151411,1,0.0
2.8285286267598466,2.902963590621948,2.8657461086908973,3.8621817758764636,3.9638181383995286,3.912999957137996,2903132,0.0027037523686885834,True,0.2380480319261551,0.07492579148742784,1,0.0
2.902963590621948,2.9773985544840493,2.9401810725529987,3.9638181383995286,4.065454500922593,4.014636319661061,2505993,0.002333887852728367,True,0.2524479031562805,0.07945816144866694,1,0.0
2.9773985544840493,3.0518335183461502,3.0146160364150996,4.065454500922593,4.167090863445658,4.116272682184126,2157415,0.0020092492923140526,True,0.2662033140659332,0.08378768705449191,1,0.0
3.0518335183461502,3.1262684822082516,3.089051000277201,4.167090863445658,4.268727225968723,4.2179090447071905,1860795,0.0017330003902316093,True,0.30897068977355957,0.0972487497182157,1,0.0
3.1262684822082516,3.200703446070353,3.1634859641393023,4.268727225968723,4.370363588491788,4.3195454072302555,1608245,0.0014977948740124702,True,0.3189237117767334,0.10038147064535582,1,0.0
3.200703446070353,3.2751384099324543,3.2379209280014036,4.370363588491788,4.471999951014853,4.4211817697533204,1391367,0.0012958114966750145,True,0.3452037274837494,0.10865312473641349,1,0.0
3.2751384099324543,3.349573373794555,3.312355891863505,4.471999951014853,4.573636313537917,4.522818132276385,1200606,0.0011181514710187912,True,0.3735213577747345,0.11756611950235468,1,0.0
3.349573373794555,3.4240083376566566,3.386790855725606,4.573636313537917,4.675272676060982,4.6244544947994495,1042561,0.0009709605947136879,True,0.37624096870422363,0.1184221190238842,1,0.0
3.4240083376566566,3.498443301518758,3.4612258195877073,4.675272676060982,4.776909038584047,4.726090857322514,909116,0.0008466802537441254,True,0.388550728559494,0.12229662490705996,1,0.0
3.498443301518758,3.572878265380859,3.535660783449808,4.776909038584047,4.878545401107112,4.827727219845579,793685,0.0007391767576336861,True,0.4249037802219391,0.13373877440417067,1,0.0
3.572878265380859,3.64731322924296,3.6100957473119095,4.878545401107112,4.980181763630177,4.929363582368644,691857,0.0006443420425057411,True,0.46117666363716125,0.14515569088705846,1,0.0
3.64731322924296,3.7217481931050616,3.684530711174011,4.980181763630177,5.081818126153242,5.030999944891709,604500,0.0005629844963550568,True,0.4886115491390228,0.15379084108746674,1,0.0
3.7217481931050616,3.796183156967163,3.7589656750361122,5.081818126153242,5.183454488676307,5.132636307414774,527866,0.0004916135221719742,True,0.48906391859054565,0.153933224701924,1,0.0
3.796183156967163,3.870618120829264,3.8334006388982136,5.183454488676307,5.285090851199371,5.234272669937839,463022,0.0004312228411436081,True,0.4977256655693054,0.15665951587432375,1,0.0
3.870618120829264,3.945053084691365,3.9078356027603145,5.285090851199371,5.386727213722436,5.335909032460903,406867,0.0003789244219660759,True,0.5094972848892212,0.16036464163191452,1,0.0
3.945053084691365,4.019488048553466,3.9822705666224154,5.386727213722436,5.488363576245501,5.437545394983968,358489,0.0003338688984513283,True,0.4892711043357849,0.15399843656619086,1,0.0
4.019488048553466,4.093923012415567,4.056705530484517,5.488363576245501,5.589999938768566,5.539181757507033,316519,0.00029478128999471664,True,0.4598912298679352,0.14475109967164437,1,0.0
4.093923012415567,4.168357976277669,4.131140494346618,5.589999938768566,5.691636301291631,5.640818120030098,279561,0.0002603614702820778,True,0.43659231066703796,0.13741774787787536,1,0.0
4.168357976277669,4.24279294013977,4.2055754582087195,5.691636301291631,5.793272663814696,5.742454482553163,244951,0.00022812839597463608,True,0.4508126676082611,0.1418936155858907,1,0.0
4.24279294013977,4.3172279040018715,4.280010422070821,5.793272663814696,5.894909026337761,5.844090845076228,215777,0.0002009579911828041,True,0.501179039478302,0.15774646782826332,1,0.0
4.3172279040018715,4.391662867863973,4.354445385932922,5.894909026337761,5.9965453888608256,5.945727207599293,190593,0.0001775035634636879,True,0.5639606714248657,0.17750703222531697,1,0.0
4.391662867863973,4.466097831726074,4.4288803497950235,5.9965453888608256,6.0981817513838905,6.047363570122358,167566,0.00015605799853801727,True,0.5425965189933777,0.17078264968186516,1,0.0
